slug,nombre,linea,precio,imagen_local,imagen_url_original,alcance,joules,voltaje,url
b500,B500,LÍNEA B (110V),$ 310.000,/assets/images/U8LFRrUZtP2kBLhJTaqAU2t8sw.webp,https://framerusercontent.com/images/U8LFRrUZtP2kBLhJTaqAU2t8sw.png?scale-down-to=512,hasta 40 km,6J,12v,https://balkrann.framer.website/productos/b500
b1500,B1500,LÍNEA B (110V),$ 364.000,/assets/images/U8LFRrUZtP2kBLhJTaqAU2t8sw.webp,https://framerusercontent.com/images/U8LFRrUZtP2kBLhJTaqAU2t8sw.png?scale-down-to=512,hasta 40 km,6J,12v,https://balkrann.framer.website/productos/b1500
b2000,B2000,LÍNEA B (110V),$ 420.000,/assets/images/U8LFRrUZtP2kBLhJTaqAU2t8sw.webp,https://framerusercontent.com/images/U8LFRrUZtP2kBLhJTaqAU2t8sw.png?scale-down-to=512,hasta 40 km,6J,12v,https://balkrann.framer.website/productos/b2000
b3000,B3000,LÍNEA B (110V),$ 455.000,/assets/images/U8LFRrUZtP2kBLhJTaqAU2t8sw.webp,https://framerusercontent.com/images/U8LFRrUZtP2kBLhJTaqAU2t8sw.png?scale-down-to=512,hasta 40 km,6J,12v,https://balkrann.framer.website/productos/b3000
b4500h,B4500H,LÍNEA 110V,$ 628.000,/assets/images/U8LFRrUZtP2kBLhJTaqAU2t8sw.webp,https://framerusercontent.com/images/U8LFRrUZtP2kBLhJTaqAU2t8sw.png?scale-down-to=512,hasta 40 km,6J,12v,https://balkrann.framer.website/productos/b4500h
b9000,B9000,LÍNEA B (110V),$ 732.000,/assets/images/U8LFRrUZtP2kBLhJTaqAU2t8sw.webp,https://framerusercontent.com/images/U8LFRrUZtP2kBLhJTaqAU2t8sw.png?scale-down-to=512,hasta 40 km,6J,12v,https://balkrann.framer.website/productos/b9000
b14000,B14000,LÍNEA 110V,$ 900.000,/assets/images/U8LFRrUZtP2kBLhJTaqAU2t8sw.webp,https://framerusercontent.com/images/U8LFRrUZtP2kBLhJTaqAU2t8sw.png?scale-down-to=512,hasta 40 km,6J,12v,https://balkrann.framer.website/productos/b14000
b18000,B18000,LÍNEA 110V,$ 1.000.000,/assets/images/U8LFRrUZtP2kBLhJTaqAU2t8sw.webp,https://framerusercontent.com/images/U8LFRrUZtP2kBLhJTaqAU2t8sw.png?scale-down-to=512,hasta 40 km,6J,12v,https://balkrann.framer.website/productos/b18000
b800s,B800S,LÍNEA DUAL,$ 725.000,/assets/images/U8LFRrUZtP2kBLhJTaqAU2t8sw.webp,https://framerusercontent.com/images/U8LFRrUZtP2kBLhJTaqAU2t8sw.png?scale-down-to=512,hasta 40 km,6J,12v,https://balkrann.framer.website/productos/b800s
b4500hd,B4500HD,LÍNEA DUAL,$ 728.000,/assets/images/U8LFRrUZtP2kBLhJTaqAU2t8sw.webp,https://framerusercontent.com/images/U8LFRrUZtP2kBLhJTaqAU2t8sw.png?scale-down-to=512,hasta 40 km,6J,12v,https://balkrann.framer.website/productos/b4500hd
b6000hd,B6000HD,,,,,,6J,,https://balkrann.framer.website/productos/b6000hd
b6000d,B6000D,,,,,,6J,,https://balkrann.framer.website/productos/b6000d
b9000d,B9000D,,,,,,6J,,https://balkrann.framer.website/productos/b9000d
b9000hd,B9000HD,,,,,,6J,,https://balkrann.framer.website/productos/b9000hd
b1000s,B1000S,,,,,,6J,,https://balkrann.framer.website/productos/b1000s
b2000s,B2000S,,,,,,6J,,https://balkrann.framer.website/productos/b2000s
b3000s,B3000S,,,,,,6J,,https://balkrann.framer.website/productos/b3000s
b4500s,B4500S,,,,,,6J,,https://balkrann.framer.website/productos/b4500s
b6000s,B6000S,,,,,,6J,,https://balkrann.framer.website/productos/b6000s
b9000s,B9000S,,,,,,6J,,https://balkrann.framer.website/productos/b9000s
kit-solar-b800s,KIT-SOLAR-B800S,,,,,,6J,,https://balkrann.framer.website/productos/kit-solar-b800s
kit-todo-en-uno-b1000d,KIT-TODO-EN-UNO-B1000D,,,,,,6J,,https://balkrann.framer.website/productos/kit-todo-en-uno-b1000d
kit-solar-b1000s,KIT-SOLAR-B1000S,,,,,,6J,,https://balkrann.framer.website/productos/kit-solar-b1000s
kit-solar-b2000s,KIT-SOLAR-B2000S,,,,,,6J,,https://balkrann.framer.website/productos/kit-solar-b2000s
kit-solar-b3000s,KIT-SOLAR-B3000S,,,,,,6J,,https://balkrann.framer.website/productos/kit-solar-b3000s
kit-solar-b4500s,KIT-SOLAR-B4500S,,,,,,6J,,https://balkrann.framer.website/productos/kit-solar-b4500s
kit-solar-b6000s,KIT-SOLAR-B6000S,,,,,,6J,,https://balkrann.framer.website/productos/kit-solar-b6000s
kit-solar-b9000s,KIT-SOLAR-B9000S,,,,,,6J,,https://balkrann.framer.website/productos/kit-solar-b9000s
tensor-500m,TENSOR-500M,,,,,,6J,,https://balkrann.framer.website/productos/tensor-500m
tensor-700m,TENSOR-700M,,,,,,6J,,https://balkrann.framer.website/productos/tensor-700m
llave-tensora,LLAVE-TENSORA,,,,,,6J,,https://balkrann.framer.website/productos/llave-tensora
manigueta-resortada-amarilla,MANIGUETA-RESORTADA-AMARILLA,,,,,,6J,,https://balkrann.framer.website/productos/manigueta-resortada-amarilla
resorte-de-3-metros,RESORTE-DE-3-METROS,,,,,,6J,,https://balkrann.framer.website/productos/resorte-de-3-metros
tensor-terminal,TENSOR-TERMINAL,,,,,,6J,,https://balkrann.framer.website/productos/tensor-terminal
resorte-de-5-metros,RESORTE-DE-5-METROS,,,,,,6J,,https://balkrann.framer.website/productos/resorte-de-5-metros
aislador-tipo-pera-paquete-x-25,AISLADOR-TIPO-PERA-PAQUETE-X-25,,,,,,6J,,https://balkrann.framer.website/productos/aislador-tipo-pera-paquete-x-25
aislador-distanciador-x-12-unidades,AISLADOR-DISTANCIADOR-X-12-UNIDADES,,,,,,6J,,https://balkrann.framer.website/productos/aislador-distanciador-x-12-unidades
aislador-pivote-extralargo-amarillo-paquete-x-100,AISLADOR-PIVOTE-EXTRALARGO-AMARILLO-PAQUETE-X-100,,,,,,6J,,https://balkrann.framer.website/productos/aislador-pivote-extralargo-amarillo-paquete-x-100
aislador-cinta-cord-n-paquete-x-25,AISLADOR-CINTA-CORD-N-PAQUETE-X-25,,,,,,6J,,https://balkrann.framer.website/productos/aislador-cinta-cord-n-paquete-x-25
kit-portillo-resortado-3-metros-amarillo,KIT-PORTILLO-RESORTADO-3-METROS-AMARILLO,,,,,,6J,,https://balkrann.framer.website/productos/kit-portillo-resortado-3-metros-amarillo
manguera-aisladora-x-50-metros,MANGUERA-AISLADORA-X-50-METROS,,,,,,6J,,https://balkrann.framer.website/productos/manguera-aisladora-x-50-metros
cuchilla-seccionadora,CUCHILLA-SECCIONADORA,,,,,,6J,,https://balkrann.framer.website/productos/cuchilla-seccionadora
kit-portillo-resortado-5-metros-amarillo,KIT-PORTILLO-RESORTADO-5-METROS-AMARILLO,,,,,,6J,,https://balkrann.framer.website/productos/kit-portillo-resortado-5-metros-amarillo
desviador-de-rayos,DESVIADOR-DE-RAYOS,,,,,,6J,,https://balkrann.framer.website/productos/desviador-de-rayos
cuchilla-doble-tiro,CUCHILLA-DOBLE-TIRO,,,,,,6J,,https://balkrann.framer.website/productos/cuchilla-doble-tiro
cable-aislado-x-50-metros,CABLE-AISLADO-X-50-METROS,,,,,,6J,,https://balkrann.framer.website/productos/cable-aislado-x-50-metros
b750,B750,,,,,,6J,,https://balkrann.framer.website/productos/b750
b1000,B1000,,,,,,6J,,https://balkrann.framer.website/productos/b1000
b4500,B4500,,,,,,6J,,https://balkrann.framer.website/productos/b4500
b6000,B6000,,,,,,6J,,https://balkrann.framer.website/productos/b6000
b6000h,B6000H,,,,,,6J,,https://balkrann.framer.website/productos/b6000h
b9000h,B9000H,,,,,,6J,,https://balkrann.framer.website/productos/b9000h
b14000h,B14000H,,,,,,6J,,https://balkrann.framer.website/productos/b14000h
b18000h,B18000H,,,,,,6J,,https://balkrann.framer.website/productos/b18000h
b1000d,B1000D,,,,,,6J,,https://balkrann.framer.website/productos/b1000d
b2000d,B2000D,,,,,,6J,,https://balkrann.framer.website/productos/b2000d
b3000d,B3000D,,,,,,6J,,https://balkrann.framer.website/productos/b3000d
b4500d,B4500D,,,,,,6J,,https://balkrann.framer.website/productos/b4500d
aislador-doble-fijacion-paquete-x-50-unidades,AISLADOR-DOBLE-FIJACION-PAQUETE-X-50-UNIDADES,,,,,,6J,,https://balkrann.framer.website/productos/aislador-doble-fijacion-paquete-x-50-unidades
voltimetro-de-luces,VOLTIMETRO-DE-LUCES,,,,,,6J,,https://balkrann.framer.website/productos/voltimetro-de-luces
aislador-recibidor-paquete-x-25-unidades,AISLADOR-RECIBIDOR-PAQUETE-X-25-UNIDADES,,,,,,6J,,https://balkrann.framer.website/productos/aislador-recibidor-paquete-x-25-unidades
hilo-electroplastico-balkran-azul-naranja,HILO-ELECTROPLASTICO-BALKRAN-AZUL-NARANJA,,,,,,6J,,https://balkrann.framer.website/productos/hilo-electroplastico-balkran-azul-naranja
hilo-electroplastico-azul-200-metros,HILO-ELECTROPLASTICO-AZUL-200-METROS,,,,,,6J,,https://balkrann.framer.website/productos/hilo-electroplastico-azul-200-metros
dispensador-de-hilo-cinta-electroplastica,DISPENSADOR-DE-HILO-CINTA-ELECTROPLASTICA,,,,,,6J,,https://balkrann.framer.website/productos/dispensador-de-hilo-cinta-electroplastica
cinta-electroplastica-azul-x-200-metros,CINTA-ELECTROPLASTICA-AZUL-X-200-METROS,,,,,,6J,,https://balkrann.framer.website/productos/cinta-electroplastica-azul-x-200-metros
